Test159_SCH_IMG_2.7000.png,0
Test138_SCH_IMG_17.3000.png,1
Test138_SCH_IMG_11.2000.png,1
Test159_SCH_IMG_0.3000.png,0
Test159_SCH_IMG_0.6000.png,0
Test138_SCH_IMG_17.7000.png,1
Test138_SCH_IMG_19.0000.png,1
Test138_SCH_IMG_15.5000.png,1
Test138_SCH_IMG_17.0000.png,1
Test138_SCH_IMG_0.7000.png,1
Test159_SCH_IMG_3.5000.png,0
Test138_SCH_IMG_17.2000.png,1
Test159_SCH_IMG_3.0000.png,0
Test138_SCH_IMG_19.5000.png,1
Test159_SCH_IMG_11.4000.png,0
Test159_SCH_IMG_5.8000.png,0
Test138_SCH_IMG_12.4000.png,1
Test138_SCH_IMG_18.1000.png,1
Test159_SCH_IMG_8.1000.png,0
Test138_SCH_IMG_11.0000.png,1
Test159_SCH_IMG_6.8000.png,0
Test138_SCH_IMG_15.8000.png,1
Test138_SCH_IMG_3.1000.png,1
Test138_SCH_IMG_15.9000.png,1
Test159_SCH_IMG_3.9000.png,0
Test138_SCH_IMG_2.9000.png,1
Test138_SCH_IMG_13.2000.png,1
Test138_SCH_IMG_0.3000.png,1
Test138_SCH_IMG_7.7000.png,1
Test138_SCH_IMG_5.6000.png,1
Test159_SCH_IMG_9.6000.png,0
Test159_SCH_IMG_5.7000.png,0
Test138_SCH_IMG_6.1000.png,1
Test138_SCH_IMG_12.4000.png,1
Test159_SCH_IMG_6.5000.png,0
Test138_SCH_IMG_16.3000.png,1
Test138_SCH_IMG_13.2000.png,1
Test159_SCH_IMG_8.8000.png,0
Test138_SCH_IMG_2.7000.png,1
Test138_SCH_IMG_11.5000.png,1
Test159_SCH_IMG_1.8000.png,0
Test138_SCH_IMG_8.3000.png,1
Test138_SCH_IMG_12.4000.png,1
Test138_SCH_IMG_0.1000.png,1
Test159_SCH_IMG_4.0000.png,0
Test159_SCH_IMG_0.2000.png,0
Test159_SCH_IMG_10.8000.png,0
Test159_SCH_IMG_3.3000.png,0
Test138_SCH_IMG_16.2000.png,1
Test159_SCH_IMG_4.8000.png,0
Test138_SCH_IMG_18.4000.png,1
Test138_SCH_IMG_4.7000.png,1
Test138_SCH_IMG_3.5000.png,1
Test138_SCH_IMG_9.0000.png,1
Test159_SCH_IMG_11.7000.png,0
Test138_SCH_IMG_1.1000.png,1
Test138_SCH_IMG_14.4000.png,1
Test159_SCH_IMG_12.6000.png,0
Test138_SCH_IMG_18.5000.png,1
Test138_SCH_IMG_5.4000.png,1
Test138_SCH_IMG_5.1000.png,1
Test159_SCH_IMG_0.9000.png,0
Test138_SCH_IMG_8.7000.png,1
Test138_SCH_IMG_7.3000.png,1
Test138_SCH_IMG_13.5000.png,1
Test159_SCH_IMG_8.7000.png,0
Test138_SCH_IMG_0.5000.png,1
Test138_SCH_IMG_13.4000.png,1
Test138_SCH_IMG_15.6000.png,1
Test159_SCH_IMG_9.5000.png,0
Test159_SCH_IMG_1.2000.png,0
Test159_SCH_IMG_8.5000.png,0
Test159_SCH_IMG_11.6000.png,0
Test159_SCH_IMG_8.6000.png,0
Test138_SCH_IMG_14.6000.png,1
Test138_SCH_IMG_15.3000.png,1
Test138_SCH_IMG_17.3000.png,1
Test138_SCH_IMG_4.0000.png,1
Test138_SCH_IMG_12.8000.png,1
Test138_SCH_IMG_18.7000.png,1
Test159_SCH_IMG_4.4000.png,0
Test138_SCH_IMG_8.7000.png,1
Test159_SCH_IMG_8.5000.png,0
Test159_SCH_IMG_12.6000.png,0
Test138_SCH_IMG_1.9000.png,1
Test159_SCH_IMG_2.0000.png,0
Test138_SCH_IMG_1.9000.png,1
Test159_SCH_IMG_2.5000.png,0
Test159_SCH_IMG_1.8000.png,0
Test138_SCH_IMG_12.0000.png,1
Test159_SCH_IMG_4.9000.png,0
Test138_SCH_IMG_15.0000.png,1
Test138_SCH_IMG_4.9000.png,1
Test138_SCH_IMG_12.9000.png,1
Test159_SCH_IMG_6.3000.png,0
Test138_SCH_IMG_19.2000.png,1
Test138_SCH_IMG_15.1000.png,1
Test138_SCH_IMG_11.7000.png,1
Test138_SCH_IMG_17.4000.png,1
Test159_SCH_IMG_3.1000.png,0
Test138_SCH_IMG_15.5000.png,1
Test159_SCH_IMG_12.5000.png,0
Test159_SCH_IMG_7.7000.png,0
Test138_SCH_IMG_8.3000.png,1
Test138_SCH_IMG_19.3000.png,1
Test138_SCH_IMG_0.6000.png,1
Test138_SCH_IMG_15.3000.png,1
Test138_SCH_IMG_4.5000.png,1
Test138_SCH_IMG_15.8000.png,1
Test138_SCH_IMG_3.8000.png,1
Test138_SCH_IMG_6.0000.png,1
Test138_SCH_IMG_7.6000.png,1
Test138_SCH_IMG_17.1000.png,1
Test159_SCH_IMG_5.7000.png,0
Test159_SCH_IMG_2.1000.png,0
Test138_SCH_IMG_6.8000.png,1
Test138_SCH_IMG_4.4000.png,1
Test138_SCH_IMG_13.9000.png,1
Test159_SCH_IMG_7.0000.png,0
Test138_SCH_IMG_2.9000.png,1
Test138_SCH_IMG_3.5000.png,1
Test138_SCH_IMG_16.2000.png,1
Test138_SCH_IMG_15.3000.png,1
Test159_SCH_IMG_6.5000.png,0
Test138_SCH_IMG_1.5000.png,1
Test138_SCH_IMG_14.5000.png,1
Test159_SCH_IMG_12.5000.png,0
Test159_SCH_IMG_0.5000.png,0
Test138_SCH_IMG_13.4000.png,1
Test138_SCH_IMG_0.9000.png,1
Test138_SCH_IMG_11.3000.png,1
Test138_SCH_IMG_3.7000.png,1
Test138_SCH_IMG_14.2000.png,1
Test159_SCH_IMG_7.4000.png,0
Test159_SCH_IMG_6.6000.png,0
Test138_SCH_IMG_18.0000.png,1
Test159_SCH_IMG_7.9000.png,0
Test159_SCH_IMG_0.3000.png,0
Test138_SCH_IMG_17.3000.png,1
Test159_SCH_IMG_5.5000.png,0
Test138_SCH_IMG_1.8000.png,1
Test159_SCH_IMG_3.7000.png,0
Test138_SCH_IMG_18.2000.png,1
Test138_SCH_IMG_6.0000.png,1
Test159_SCH_IMG_8.5000.png,0
Test138_SCH_IMG_5.1000.png,1
Test138_SCH_IMG_19.0000.png,1
Test159_SCH_IMG_10.9000.png,0
Test159_SCH_IMG_4.5000.png,0
Test159_SCH_IMG_7.4000.png,0
Test138_SCH_IMG_7.8000.png,1
Test159_SCH_IMG_0.0000.png,0
Test159_SCH_IMG_9.1000.png,0
Test138_SCH_IMG_11.4000.png,1
Test138_SCH_IMG_9.1000.png,1
Test138_SCH_IMG_18.8000.png,1
Test138_SCH_IMG_12.5000.png,1
Test138_SCH_IMG_0.0000.png,1
Test138_SCH_IMG_11.6000.png,1
Test138_SCH_IMG_2.9000.png,1
Test138_SCH_IMG_1.4000.png,1
Test159_SCH_IMG_1.1000.png,0
Test138_SCH_IMG_18.9000.png,1
Test138_SCH_IMG_2.0000.png,1
Test138_SCH_IMG_3.7000.png,1
Test138_SCH_IMG_17.7000.png,1
Test138_SCH_IMG_13.7000.png,1
Test138_SCH_IMG_12.8000.png,1
Test159_SCH_IMG_12.5000.png,0
Test138_SCH_IMG_19.0000.png,1
Test138_SCH_IMG_7.5000.png,1
Test159_SCH_IMG_8.1000.png,0
Test159_SCH_IMG_8.4000.png,0
Test138_SCH_IMG_1.9000.png,1
Test138_SCH_IMG_7.7000.png,1
Test138_SCH_IMG_13.2000.png,1
Test138_SCH_IMG_15.7000.png,1
Test138_SCH_IMG_19.6000.png,1
Test138_SCH_IMG_16.4000.png,1
Test138_SCH_IMG_18.3000.png,1
Test138_SCH_IMG_14.1000.png,1
Test138_SCH_IMG_5.2000.png,1
Test159_SCH_IMG_1.6000.png,0
Test159_SCH_IMG_2.1000.png,0
Test159_SCH_IMG_12.4000.png,0
Test159_SCH_IMG_8.8000.png,0
Test138_SCH_IMG_7.1000.png,1
Test138_SCH_IMG_9.1000.png,1
Test159_SCH_IMG_5.4000.png,0
Test138_SCH_IMG_8.2000.png,1
Test159_SCH_IMG_1.9000.png,0
Test159_SCH_IMG_2.8000.png,0
Test138_SCH_IMG_9.0000.png,1
Test138_SCH_IMG_7.7000.png,1
Test138_SCH_IMG_6.4000.png,1
Test138_SCH_IMG_4.0000.png,1
Test138_SCH_IMG_14.3000.png,1
Test159_SCH_IMG_2.1000.png,0
Test138_SCH_IMG_13.3000.png,1
Test159_SCH_IMG_2.0000.png,0
Test138_SCH_IMG_11.4000.png,1
Test138_SCH_IMG_17.6000.png,1
Test159_SCH_IMG_0.0000.png,0
Test138_SCH_IMG_3.1000.png,1
Test159_SCH_IMG_5.4000.png,0
Test138_SCH_IMG_16.6000.png,1
Test138_SCH_IMG_2.7000.png,1
Test159_SCH_IMG_4.1000.png,0
Test159_SCH_IMG_7.3000.png,0
Test159_SCH_IMG_11.6000.png,0
Test138_SCH_IMG_6.0000.png,1
Test138_SCH_IMG_6.1000.png,1
Test159_SCH_IMG_11.4000.png,0
Test138_SCH_IMG_9.2000.png,1
Test159_SCH_IMG_7.8000.png,0
Test159_SCH_IMG_4.8000.png,0
Test138_SCH_IMG_16.7000.png,1
Test159_SCH_IMG_7.1000.png,0
Test159_SCH_IMG_10.0000.png,0
Test159_SCH_IMG_8.4000.png,0
Test159_SCH_IMG_8.6000.png,0
Test138_SCH_IMG_5.7000.png,1
Test138_SCH_IMG_18.4000.png,1
Test138_SCH_IMG_19.1000.png,1
Test138_SCH_IMG_16.4000.png,1
Test138_SCH_IMG_10.3000.png,1
Test138_SCH_IMG_15.9000.png,1
Test138_SCH_IMG_4.0000.png,1
Test138_SCH_IMG_11.8000.png,1
Test138_SCH_IMG_19.2000.png,1
Test159_SCH_IMG_11.4000.png,0
Test138_SCH_IMG_10.1000.png,1
Test138_SCH_IMG_3.3000.png,1
Test138_SCH_IMG_8.7000.png,1
Test159_SCH_IMG_8.6000.png,0
Test138_SCH_IMG_11.1000.png,1
Test138_SCH_IMG_11.3000.png,1
Test159_SCH_IMG_1.7000.png,0
Test159_SCH_IMG_6.0000.png,0
Test138_SCH_IMG_18.0000.png,1
Test138_SCH_IMG_16.7000.png,1
Test138_SCH_IMG_15.5000.png,1
Test159_SCH_IMG_8.3000.png,0
Test159_SCH_IMG_9.3000.png,0
Test138_SCH_IMG_4.7000.png,1
Test138_SCH_IMG_6.0000.png,1
Test138_SCH_IMG_19.1000.png,1
Test138_SCH_IMG_3.7000.png,1
Test159_SCH_IMG_4.6000.png,0
Test138_SCH_IMG_15.3000.png,1
